
    
  {"Username":"nanda_kishore_reddy",
  "password":"Anjanaya08@",
  "ctmserver":"Quality_Assurance",
  "toemail":"Anupam_Chandan@DellTeam.com,nanda_kishore_reddy@dellteam.com",
  "ccemail":"ankireddy_challa@dellteam.com",
  "jobs":[
        
				{
         "Q1_MBI_DDL_EBIDSCPLAN_EMC_INFA":"Q1_MBI_PLANMTRC_SDDLDSC_AGDSW_GP_RDL_E2OPEN_PRE_TAM"
      },
      {
         "Q1_MBI_DDL_EBIDSCPLAN_EMC_INFA":"Q1_MBI_PLANMTRC_SDDLDSC_AGDSW_GP_RDL_E2OPEN_POST_TAM"
      }
			

            ]
    }
   
  
